Branch,Name,Description,dumb,dumb1
Air Force,Aerial Achievement Medal,"The Aerial Achievement Medal is a decoration of the United States Air Force which was established in 1988. The decoration is intended to recognize the contributions of aircrew members who would, otherwise, not be qualified for the award of the Air Medal.  The decoration is awarded in the name of the Secretary of the Air Force and is presented to members of the United States military or civilian personnel, while serving in a capacity with the U.S. Air Force, who distinguish themselves by sustained meritorious achievement while participating in aerial flight. The achievements must be accomplished with distinction above and beyond that normally expected of professional airmen.",,
Air Force,Air Force Combat Action Medal,"The Air Force Combat Action Medal (AFCAM) is a relatively new medal issued by the United States Air Force. It was first awarded on June 12, 2007 for actions from September 11, 2001 to a date to be determined and may be awarded posthumously.",,
Air Force,Combat Readiness Medal,"The Combat Readiness Medal is an award of the United States Air Force which was first created in 1964. The original Combat Readiness Medal was an award senior to the Air Force Commendation Medal, and it was awarded for superior and meritorious duty to the United States Air Force. The award criteria for the medal were revised in 1967 and the Combat Readiness Medal adopted the designation as an achievement/service medal.  The current Combat Readiness Medal is awarded to any member of U.S. Air Force, Air National Guard, or Air Force Reserve, who have accomplished sustained individual combat mission readiness or who have undertaken the preparedness for direct weapon-system employment. A service member must have completed 24 cumulative months of sustained duty performance for the medal to be received.",,
Air Force,Air Force Cross,"The Air Force Cross is the second highest military award that can be given to a member of the United States Air Force.[3] The Air Force Cross is the Air Force decoration equivalent to the Distinguished Service Cross (Army), the Navy Cross (Navy and Marine Corps), and the Coast Guard Cross (Coast Guard).  The Air Force Cross is awarded for extraordinary heroism not justifying the award of the Medal of Honor. It may be awarded to any individual who, while serving in any capacity with the U.S Air Force, distinguishes him or herself by extraordinary heroism in combat.",,
Air Force,Air Reserve Forces Meritorious Service Medal (Reserve Good Conduct Medal),"A Reserve Good Conduct Medal refers to any one of the five military conduct awards which are issued by the United States Armed Forces to enlisted members of the Reserve and National Guard. The primary difference between the regular Good Conduct Medal and the Reserve Good Conduct Medal is that the Good Conduct Medal is only issued for active duty service while the reserve equivalent is bestowed for reserve duties such as drills, annual training, and additional active duty for either training or operational support to the active duty force or, in the case of the Army National Guard and Air National Guard, in support of Title 32 U.S.C. state active duty (SAD) such as disaster response and relief. To receive a Reserve Good Conduct Medal, a service member (excluding Army Reservists), must, generally, be an active member of the Reserve or National Guard and must have performed three to four years of satisfactory duty (to include drills and annual training) with such service being free of disciplinary action. Periods of active duty recall or mobilization are not creditable towards the Reserve Good Conduct Medal. Each service has specific varying requirements.",,
Air Force,Airman's Medal,"The Airmanís Medal is a military decoration of the United States Air Force and is awarded to those service members or those of a friendly nation who, while serving in any capacity with the United States Air Force, distinguish themselves by heroic actions, usually at the voluntary risk of life, but not involving actual combat. The saving of a life or the success of the voluntary heroic act is not essential.",,
Army,Army Reserve Components Achievement Medal (Reserve Good Conduct Medal),"A Reserve Good Conduct Medal refers to any one of the five military conduct awards which are issued by the United States Armed Forces to enlisted members of the Reserve and National Guard. The primary difference between the regular Good Conduct Medal and the Reserve Good Conduct Medal is that the Good Conduct Medal is only issued for active duty service while the reserve equivalent is bestowed for reserve duties such as drills, annual training, and additional active duty for either training or operational support to the active duty force or, in the case of the Army National Guard and Air National Guard, in support of Title 32 U.S.C. state active duty (SAD) such as disaster response and relief. To receive a Reserve Good Conduct Medal, a service member (excluding Army Reservists), must, generally, be an active member of the Reserve or National Guard and must have performed three to four years of satisfactory duty (to include drills and annual training) with such service being free of disciplinary action. Periods of active duty recall or mobilization are not creditable towards the Reserve Good Conduct Medal. Each service has specific varying requirements.",,
Army,Soldier's Medal,"The Soldier's Medal is an individual decoration of the United States Army. It was introduced as Section 11 of the Air Corps Act, passed by the Congress of the United States on July 2, 1926. The criteria for the medal are: ""The Soldier's Medal is awarded to any person of the Armed Forces of the United States or of a friendly foreign nation who, while serving in any capacity with the Army of the United States distinguished himself or herself by heroism not involving actual conflict with an enemy.""",,
Army,Women's Army Corps Service Medal,"The Womenís Army Corps Service Medal was a military award of the United States Army which was created on July 29, 1943 by Executive Order 9365 issued by President Franklin Roosevelt. The medal was intended to recognize the service of women to the Army during the Second World War. The profile featured on the medal is that of the goddess Pallas Athena; the same profile was used for the Women's Army Corps branch insignia.  The Womenís Army Corps Service Medal was awarded to any service member of the Women's Army Auxiliary Corps between July 10, 1942 and August 31, 1943 or the Women's Army Corps between September 1, 1943 and September 2, 1945. The medal was issued as a once-awarded medal, and there are no devices authorized for additional presentations. The medal ranked in order of precedence below the American Defense Service Medal and above the American Campaign Medal.",,
Army,Distinguished Service Cross,"The Distinguished Service Cross is the second highest military award that can be given to a member of the United States Army (and previously, the United States Army Air Forces), for extreme gallantry and risk of life in actual combat with an armed enemy force. Actions that merit the Distinguished Service Cross must be of such a high degree that they are above those required for all other U.S. combat decorations but do not meet the criteria for the Medal of Honor. The Distinguished Service Cross is equivalent to the Navy Cross (Navy and Marine Corps), the Air Force Cross (Air Force), and the Coast Guard Cross (Coast Guard).",,
Army,Combat Action Badge,"The Combat Action Badge (CAB) is a military badge worn by U.S. Army soldiers. The emblem features both an M9 bayonet and M67 grenade. The Combat Action Badge may be awarded to any soldier not eligible for the Combat Infantryman Badge (CIB) or Combat Medical Badge (CMB) after the date of September 18, 2001 performing duties in an area where hostile fire pay or imminent danger pay is authorized, who is personally present and actively engaging or being engaged by the enemy, and performing satisfactorily in accordance with the prescribed rules of engagement. The CAB may be awarded to any branch of service or military occupational specialty including infantrymen except when serving in a role where they would be eligible for the Combat Infantryman Badge. A silver badge 2†inches (5.08†cm) in width overall consisting of an oak wreath supporting a rectangle bearing a bayonet surmounting a grenade, all silver. Stars are added at the top to indicate subsequent awards; one star for the second award and two stars for the third award. However, only one can be awarded per ""qualifying period;"" as defined in AR 600-8-22, the only qualifying period for the CAB is the Global War on Terrorism. Thus, only one CAB can be awarded to any soldier at this time. In comparison to the CIB, the CAB has a silver rectangle backing rather than blue, and the CAB is 1†inch shorter in length than the CIB.",,
Army,Combat Infantryman Badge,"The Combat Infantryman Badge (CIB) is a United States Army military award. The badge is awarded to infantrymen and Special Forces soldiers in the rank of Colonel and below, who personally fought in active ground combat while assigned as members of either an infantry, Ranger or Special Forces unit, of brigade size or smaller, any time after 6 December 1941. The CIB and its non-combat contemporary, the Expert Infantryman Badge (EIB) were simultaneously created during World War II to enhance the morale and prestige of service in the infantry. Specifically, it recognizes the inherent sacrifices of all infantrymen, and that, in comparison to all other military occupational specialties, infantrymen face the greatest risk of being wounded or killed in action.",,
Army,Army of Occupation Medal,"The Army of Occupation Medal is a military award of the United States military which was established by the United States War Department on 5 April 1946. The medal was created in the aftermath of the Second World War to recognize those who had performed occupation service in either Germany, Italy, Austria, or Japan.  The original Army of Occupation Medal was intended only for members of the United States Army, but was expanded in 1948 to encompass the United States Air Force shortly after that service's creation. The Navy and Marine equivalent of the Army of Occupation Medal is the Navy Occupation Service Medal.",,
Air Force,Army of Occupation Medal,"The Army of Occupation Medal is a military award of the United States military which was established by the United States War Department on 5 April 1946. The medal was created in the aftermath of the Second World War to recognize those who had performed occupation service in either Germany, Italy, Austria, or Japan.  The original Army of Occupation Medal was intended only for members of the United States Army, but was expanded in 1948 to encompass the United States Air Force shortly after that service's creation. The Navy and Marine equivalent of the Army of Occupation Medal is the Navy Occupation Service Medal.",,
Army,American Campaign Medal,"The American Campaign Medal is a military award of the United States Armed Forces which was first created on November 6, 1942 by Executive Order 9265 issued by President Franklin D. Roosevelt. The medal was intended to recognize those military members who had performed military service in the American Theater of Operations during World War II.",,
Navy,American Campaign Medal,"The American Campaign Medal is a military award of the United States Armed Forces which was first created on November 6, 1942 by Executive Order 9265 issued by President Franklin D. Roosevelt. The medal was intended to recognize those military members who had performed military service in the American Theater of Operations during World War II.",,
Army,Asiatic Pacific Campaign Medal,"The Asiatic-Pacific Campaign Medal is a military award of the Second World War. It was awarded to any member of the United States Military who served in the Pacific Theater from 1941 to 1945 and was created on November 6, 1942 by Executive Order 9265 issued by President Franklin D. Roosevelt.",,
Navy,Asiatic Pacific Campaign Medal,"The Asiatic-Pacific Campaign Medal is a military award of the Second World War. It was awarded to any member of the United States Military who served in the Pacific Theater from 1941 to 1945 and was created on November 6, 1942 by Executive Order 9265 issued by President Franklin D. Roosevelt.",,
Army,European-African-Middle Eastern Campaign Medal,"The European-African-Middle Eastern Campaign Medal is a military award of the United States Armed Forces which was first created on November 6, 1942 by Executive Order 9265 issued by President Franklin D. Roosevelt. The medal was intended to recognize those military service members who had performed military duty in the European Theater (to include North Africa and the Middle East) during the years of the Second World War.",,
Navy,European-African-Middle Eastern Campaign Medal,"The European-African-Middle Eastern Campaign Medal is a military award of the United States Armed Forces which was first created on November 6, 1942 by Executive Order 9265 issued by President Franklin D. Roosevelt. The medal was intended to recognize those military service members who had performed military duty in the European Theater (to include North Africa and the Middle East) during the years of the Second World War.",,
Army,World War II Victory Medal,"The World War II Victory Medal is a service medal of the United States military which was established by an Act of Congress on 6 July 1945 (Public Law 135, 79th Congress) and promulgated by Section V, War Department Bulletin 12, 1945.",,
Navy,World War II Victory Medal,"The World War II Victory Medal is a service medal of the United States military which was established by an Act of Congress on 6 July 1945 (Public Law 135, 79th Congress) and promulgated by Section V, War Department Bulletin 12, 1945.",,
Coast Guard,Coast Guard Medal,"The Coast Guard Medal is a decoration of the United States military that is awarded to any service member who, while serving in any capacity with the United States Coast Guard, distinguishes themselves by heroism not involving actual conflict with an enemy. For the decoration to be awarded, an individual must have performed a voluntary act of heroism in the face of great personal danger or of such a magnitude that it stands out distinctly above normal expectations.",,
Coast Guard,Coast Guard Cross,"The Coast Guard Cross is a military decoration of the United States Coast Guard. Established by Act of Congress on 15 October 2010, it is intended to recognize members of the United States Coast Guard for extraordinary heroism in action, while not operating under the Department of the Navy. Coast Guard members serving under the United States Navy would be eligible for the Navy Cross. This medal, though approved, has not yet been awarded.",,
Coast Guard,Lifesaving Medal - Gold,"The Gold Lifesaving Medal and Silver Lifesaving Medal are U.S. decorations issued by the United States Coast Guard. The awards were first established by Act of Congress, 20 June 1874; later authorized by 14 U.S.C.†ß†500. These decorations are two of the oldest medals in the United States and were originally established at the Department of Treasury as Lifesaving Medals First and Second Class. The Department of the Treasury initially gave the award, but today the United States Coast Guard awards it through the Department of Homeland Security. They are not classified as military decorations, and may be awarded to any person.",,
Coast Guard,Lifesaving Medal - Silver,"The Gold Lifesaving Medal and Silver Lifesaving Medal are U.S. decorations issued by the United States Coast Guard. The awards were first established by Act of Congress, 20 June 1874; later authorized by 14 U.S.C.†ß†500. These decorations are two of the oldest medals in the United States and were originally established at the Department of Treasury as Lifesaving Medals First and Second Class. The Department of the Treasury initially gave the award, but today the United States Coast Guard awards it through the Department of Homeland Security. They are not classified as military decorations, and may be awarded to any person.",,
Coast Guard,Coast Guard Reserve Good Conduct Medal,"A Reserve Good Conduct Medal refers to any one of the five military conduct awards which are issued by the United States Armed Forces to enlisted members of the Reserve and National Guard. The primary difference between the regular Good Conduct Medal and the Reserve Good Conduct Medal is that the Good Conduct Medal is only issued for active duty service while the reserve equivalent is bestowed for reserve duties such as drills, annual training, and additional active duty for either training or operational support to the active duty force or, in the case of the Army National Guard and Air National Guard, in support of Title 32 U.S.C. state active duty (SAD) such as disaster response and relief. To receive a Reserve Good Conduct Medal, a service member (excluding Army Reservists), must, generally, be an active member of the Reserve or National Guard and must have performed three to four years of satisfactory duty (to include drills and annual training) with such service being free of disciplinary action. Periods of active duty recall or mobilization are not creditable towards the Reserve Good Conduct Medal. Each service has specific varying requirements.",,
Marine Corps,Selected Marine Corps Reserve Medal (Reserve Good Conduct Medal),"A Reserve Good Conduct Medal refers to any one of the five military conduct awards which are issued by the United States Armed Forces to enlisted members of the Reserve and National Guard. The primary difference between the regular Good Conduct Medal and the Reserve Good Conduct Medal is that the Good Conduct Medal is only issued for active duty service while the reserve equivalent is bestowed for reserve duties such as drills, annual training, and additional active duty for either training or operational support to the active duty force or, in the case of the Army National Guard and Air National Guard, in support of Title 32 U.S.C. state active duty (SAD) such as disaster response and relief. To receive a Reserve Good Conduct Medal, a service member (excluding Army Reservists), must, generally, be an active member of the Reserve or National Guard and must have performed three to four years of satisfactory duty (to include drills and annual training) with such service being free of disciplinary action. Periods of active duty recall or mobilization are not creditable towards the Reserve Good Conduct Medal. Each service has specific varying requirements.",,
Merchant Marines,Merchant Marines Gallant Ship Citation,"The Merchant Marine Gallant Ship Citation is an award of the United States Merchant Marine. The award is presented as a bronze plaque to vessels, with officers and crew being awarded a ribbon bar to denote the award. Both United States flagged vessels and foreign flagged vessels are eligible for the award.",,
Merchant Marines,Merchant Marine Atlantic War Zone Medal,"The decoration is awarded to officers and men of ships operated by the War Shipping Administration for service in the Atlantic War Zone between December 7, 1941, and November 8, 1945. This theatre of operations comprised the North Atlantic Ocean, South Atlantic Ocean, Gulf of Mexico, Caribbean Sea, Barents Sea, and Greenland Sea.",,
Merchant Marines,Merchant Marine Mediterranean-Middle East War Zone Medal,"The decoration is awarded to officers and men of ships operated by the War Shipping Administration for service in the Mediterranean-Middle East War Zone between December 7, 1941, and November 8, 1945. This theater of operations comprised the Mediterranean Sea, Red Sea, Arabian Sea, and Indian Ocean west of eighty degrees east longitude.",,
Merchant Marines,Merchant Marine Pacific War Zone Medal,"The decoration is awarded to officers and men of ships operated by the War Shipping Administration for service in the Pacific War Zone between December 7, 1941, to March 2, 1946. This theatre of operations comprised the North Pacific, South Pacific, and the Indian Ocean east of 80 degrees east longitude.",,
Merchant Marines,Merchant Marine World War II Victory Medal,"The decoration is awarded to officers and men of the U.S. Merchant Marine who served aboard American-flagged merchant ships for at least 30 days between December 7, 1941, and September 3, 1945.",,
Merchant Marines,Mariner's Medal,"The Merchant Marine Mariner's Medal is a decoration of the United States Merchant Marine. Because the Merchant Marine was not considered a branch of the U.S. Armed Forces, the Purple Heart was not available to Merchant Mariners; as such, the Mariner's Medal was established by an Act of Congress on 10 May 1943 to solve this dilemma.  Awarded only to members of the United States Merchant Marine, the Mariner's Medal recognizes seamen who were killed or wounded as a direct result of conflict against an opposing armed force; in specific, it was awarded to any seaman who while serving in a ship during a war period is wounded, suffers physical injury, or suffers through dangerous exposure as a result of an act of enemy of the United States. In the event any such seaman dies from the wounds or injuries before the award can be made to him, the medal may be presented to the person named in the War Risk Policy as his beneficiary. 6,635 Mariner's Medals were awarded for service in the Second World War; all further awards of the Mariner's Medal were suspended on 30 June 1956 and has not been awarded in subsequent U.S. theaters of conflict.",,
Navy,Naval Reserve Medal,"The Naval Reserve Medal is a decoration of the United States Navy which was created by order of Secretary of the Navy James Paulding. The medal was first issued on September 12, 1938 and was an active award until 1958. On September 12, 1958, the Naval Reserve Medal was declared discontinued and was replaced by the Armed Forces Reserve Medal. It is not to be confused with the Naval Reserve Meritorious Service Medal which is a different award.  The Naval Reserve Medal was awarded to any member of the United States Naval Reserve, the associated National Naval Volunteers, and local Naval militia units. To be awarded the decoration, a service member was required to perform ten years of continuous service in one of the aforementioned components in either an active duty (to include Training and Administration of the Reserve (TAR) personnel, drilling reservist, or inactive status).",,
Navy,Naval Reserve Meritorious Service Medal (Reserve Good Conduct Medal),"A Reserve Good Conduct Medal refers to any one of the five military conduct awards which are issued by the United States Armed Forces to enlisted members of the Reserve and National Guard. The primary difference between the regular Good Conduct Medal and the Reserve Good Conduct Medal is that the Good Conduct Medal is only issued for active duty service while the reserve equivalent is bestowed for reserve duties such as drills, annual training, and additional active duty for either training or operational support to the active duty force or, in the case of the Army National Guard and Air National Guard, in support of Title 32 U.S.C. state active duty (SAD) such as disaster response and relief. To receive a Reserve Good Conduct Medal, a service member (excluding Army Reservists), must, generally, be an active member of the Reserve or National Guard and must have performed three to four years of satisfactory duty (to include drills and annual training) with such service being free of disciplinary action. Periods of active duty recall or mobilization are not creditable towards the Reserve Good Conduct Medal. Each service has specific varying requirements.",,
Navy,Marksmanship Medal - Pistol,"The Marksmanship Medal is a decoration of the United States Navy and the Coast Guard and is the highest award one may receive for weapons qualification. The Marksmanship Medal is the equivalent of the Expert Marksmanship Badge in the United States Army and Marine Corps. Additionally, select State National Guard organizations award marksmanship medals to guardsman who achieve some of the highest aggregate scores at state-level marksmanship competitions.  The Marksmanship Medal is awarded for qualifying as an expert marksman on either the 9 mm M9 pistol (Navy or Coast Guard), .40 S&W SIG P229 DAK (Coast Guard only), or M16 rifle. To qualify at the expert level, a superior score must be obtained on an approved weapons qualification course. The standard Navy weapons qualification course for pistol normally consists of several courses of fire from strong-side supported (standing), weak-side supported (standing), and strong-side supported (kneeling) positions. For the rifle, the Navy qualification course consists of firing from a sitting and prone positions.",,
Coast Guard,Marksmanship Medal - Pistol,"The Marksmanship Medal is a decoration of the United States Navy and the Coast Guard and is the highest award one may receive for weapons qualification. The Marksmanship Medal is the equivalent of the Expert Marksmanship Badge in the United States Army and Marine Corps. Additionally, select State National Guard organizations award marksmanship medals to guardsman who achieve some of the highest aggregate scores at state-level marksmanship competitions.  The Marksmanship Medal is awarded for qualifying as an expert marksman on either the 9 mm M9 pistol (Navy or Coast Guard), .40 S&W SIG P229 DAK (Coast Guard only), or M16 rifle. To qualify at the expert level, a superior score must be obtained on an approved weapons qualification course. The standard Navy weapons qualification course for pistol normally consists of several courses of fire from strong-side supported (standing), weak-side supported (standing), and strong-side supported (kneeling) positions. For the rifle, the Navy qualification course consists of firing from a sitting and prone positions.",,
Navy,Marksmanship Medal - Rifle,"The Marksmanship Medal is a decoration of the United States Navy and the Coast Guard and is the highest award one may receive for weapons qualification. The Marksmanship Medal is the equivalent of the Expert Marksmanship Badge in the United States Army and Marine Corps. Additionally, select State National Guard organizations award marksmanship medals to guardsman who achieve some of the highest aggregate scores at state-level marksmanship competitions.  The Marksmanship Medal is awarded for qualifying as an expert marksman on either the 9 mm M9 pistol (Navy or Coast Guard), .40 S&W SIG P229 DAK (Coast Guard only), or M16 rifle. To qualify at the expert level, a superior score must be obtained on an approved weapons qualification course. The standard Navy weapons qualification course for pistol normally consists of several courses of fire from strong-side supported (standing), weak-side supported (standing), and strong-side supported (kneeling) positions. For the rifle, the Navy qualification course consists of firing from a sitting and prone positions.",,
Coast Guard,Marksmanship Medal - Rifle,"The Marksmanship Medal is a decoration of the United States Navy and the Coast Guard and is the highest award one may receive for weapons qualification. The Marksmanship Medal is the equivalent of the Expert Marksmanship Badge in the United States Army and Marine Corps. Additionally, select State National Guard organizations award marksmanship medals to guardsman who achieve some of the highest aggregate scores at state-level marksmanship competitions.  The Marksmanship Medal is awarded for qualifying as an expert marksman on either the 9 mm M9 pistol (Navy or Coast Guard), .40 S&W SIG P229 DAK (Coast Guard only), or M16 rifle. To qualify at the expert level, a superior score must be obtained on an approved weapons qualification course. The standard Navy weapons qualification course for pistol normally consists of several courses of fire from strong-side supported (standing), weak-side supported (standing), and strong-side supported (kneeling) positions. For the rifle, the Navy qualification course consists of firing from a sitting and prone positions.",,
Navy,Navy Cross,"The Navy Cross is the second-highest military decoration for valor that may be awarded to a member of the United States Navy, U.S. Marine Corps, or U.S. Coast Guard (when operating under the Department of the Navy) for extraordinary heroism in combat. It is equivalent to the Army's Distinguished Service Cross, the Air Force's Air Force Cross and the Coast Guard's Coast Guard Cross.",,
Marine Corps,Navy Cross,"The Navy Cross is the second-highest military decoration for valor that may be awarded to a member of the United States Navy, U.S. Marine Corps, or U.S. Coast Guard (when operating under the Department of the Navy) for extraordinary heroism in combat. It is equivalent to the Army's Distinguished Service Cross, the Air Force's Air Force Cross and the Coast Guard's Coast Guard Cross.",,
Navy,Navy and Marine Corps Medal,"The Navy and Marine Corps Medal is the highest non-combat decoration awarded for heroism by the United States Department of the Navy to the members of the United States Navy and United States Marine Corps. The decoration was established by an act of Congress on 7 August 1942, and is authorized under 10 U.S.C.†ß†6246. The Navy and Marine Corps Medal is generally considered the equivalent of the U.S. Army?s Soldier's Medal, the U.S. Air Force?s Airman's Medal, and the Coast Guard Medal.",,
Marine Corps,Navy and Marine Corps Medal,"The Navy and Marine Corps Medal is the highest non-combat decoration awarded for heroism by the United States Department of the Navy to the members of the United States Navy and United States Marine Corps. The decoration was established by an act of Congress on 7 August 1942, and is authorized under 10 U.S.C.†ß†6246. The Navy and Marine Corps Medal is generally considered the equivalent of the U.S. Army?s Soldier's Medal, the U.S. Air Force?s Airman's Medal, and the Coast Guard Medal.",,
Navy,Navy Occupation Service Medal,"The Navy Occupation Service Medal is a military award of the United States Navy which was ""Awarded to commemorate the services of Navy, Marine Corps and Coast Guard personnel in the occupation of certain territories of the enemies of the U.S. during World War II"" and recognized those personnel who participated in the European and Asian occupation forces during, and following World War II. The medal was also bestowed to personnel who performed duty in West Berlin between 1945 and 1990.",,
Marine Corps,Navy Occupation Service Medal,"The Navy Occupation Service Medal is a military award of the United States Navy which was ""Awarded to commemorate the services of Navy, Marine Corps and Coast Guard personnel in the occupation of certain territories of the enemies of the U.S. during World War II"" and recognized those personnel who participated in the European and Asian occupation forces during, and following World War II. The medal was also bestowed to personnel who performed duty in West Berlin between 1945 and 1990.",,
Navy,China Service Medal,"The China Service Medal was a service medal awarded to U.S. Navy, Marine Corps, and Coast Guard personnel. The medal was instituted by Navy Department General Order No. 176 on 1 July 1942. The medal recognized service in and around China before and after World War II.",,
Marine Corps,China Service Medal,"The China Service Medal was a service medal awarded to U.S. Navy, Marine Corps, and Coast Guard personnel. The medal was instituted by Navy Department General Order No. 176 on 1 July 1942. The medal recognized service in and around China before and after World War II.",,
Coast Guard,China Service Medal,"The China Service Medal was a service medal awarded to U.S. Navy, Marine Corps, and Coast Guard personnel. The medal was instituted by Navy Department General Order No. 176 on 1 July 1942. The medal recognized service in and around China before and after World War II.",,
Navy,Combat Action Ribbon,"The Combat Action Ribbon (CAR) is a personal decoration of the United States Department of the Navy and U.S. Coast Guard that may be awarded to those who, in any grade including and below that of a Captain in the U.S. Navy and U.S. Coast Guard (or Colonel in the U.S. Marine Corps), have actively participated in ground or surface combat.",,
Marine Corps,Combat Action Ribbon,"The Combat Action Ribbon (CAR) is a personal decoration of the United States Department of the Navy and U.S. Coast Guard that may be awarded to those who, in any grade including and below that of a Captain in the U.S. Navy and U.S. Coast Guard (or Colonel in the U.S. Marine Corps), have actively participated in ground or surface combat.",,
Coast Guard,Combat Action Ribbon,"The Combat Action Ribbon (CAR) is a personal decoration of the United States Department of the Navy and U.S. Coast Guard that may be awarded to those who, in any grade including and below that of a Captain in the U.S. Navy and U.S. Coast Guard (or Colonel in the U.S. Marine Corps), have actively participated in ground or surface combat.",,
,Armed Forces Reserve Medal,"The Armed Forces Reserve Medal is a service medal of the United States Armed Forces that has existed since 1950. The medal recognizes service performed by members of the reserve components and is awarded to both officers and enlisted personnel. The medal is considered a successor award to the Naval Reserve Medal and the Marine Corps Reserve Ribbon, which were discontinued in 1958 and 1967 respectively.  If the medal is awarded for periods of service, it is accompanied by an hourglass device. Depending on the length of service, a bronze, silver, gold, or bronze and gold hourglass are worn on the suspension ribbon and service ribbon, indicating 10, 20, 30, or 40 years of service respectively.",,
,Honorable Service Lapel Button,"The Honorable Service Lapel Button sometimes called the Honorable Service Lapel Pin was awarded to United States military service members who were discharged under honorable conditions during World War II. The award is sometimes colloquially called the Ruptured Duck. Sculptor Anthony de Francisci designed the award.  The Department of Defense awarded the button between September 1939 and December 1946 and it was made of gilt brass, except during metal shortages during which it was made of gilt plastic. Service members who received the plastic version were later allowed to trade it in for the brass version.",,
,Air Medal,The Air Medal is a military decoration of the United States Military. The medal was created in 1942 and is awarded for meritorious achievement while participating in aerial flight.,,
,American Defense Service Medal,"The American Defense Service Medal was a military award of the United States Armed Forces, established by Executive Order 8808, by President Franklin D. Roosevelt, on June 28, 1941. The medal was intended to recognize those military service members who had served on active duty between September 8, 1939 and December 7, 1941.",,
,Antarctic Service Medal,"The Antarctica Service Medal (ASM) was established by the United States Congress on July 7, 1960 under Public Law 600 of the 86th Congress. The medal was intended as a military award to replace several commemorative awards which had been issued for previous Antarctica expeditions from 1928 to 1941.",,
,Armed Forces Expeditionary Medal,"The Armed Forces Expeditionary Medal (AFEM) is a military award of the United States military, which was first created in 1961 by Executive Order of President John Kennedy. The medal is awarded for participation in ""any military campaign of the United States for which no other service medal is authorized.""",,
,Bronze Star,"The Bronze Star, officially known as the Bronze Star Medal, is a United States decoration awarded to members of the United States Armed Forces for acts of heroism, meritorious achievement, or meritorious service in a combat zone. When awarded for acts of heroism, the medal is authorized to be worn with the ""V"" Device or Combat ""V"" for valor.",,
,Defense Meritorious Service Medal,"The Defense Meritorious Service Medal (DMSM) is the third-highest award bestowed upon members of the United States military by the United States Department of Defense. In the order of precedence, it is worn between the Purple Heart and the Meritorious Service Medal. The medal is awarded in the name of the Secretary of Defense to members of the Armed Forces who, while serving in a joint activity, distinguish themselves by non-combat outstanding achievement or meritorious service, but not of a degree to warrant award of the Defense Superior Service Medal.",,
,Department of Defense Distinguished Service Medal,"The Defense Distinguished Service Medal is a United States military award which is presented for exceptionally distinguished performance of duty contributing to National security or defense of the United States. The medal was created on July 9, 1970 by President Richard Nixon in Executive Order 11545.",,
,Defense Superior Service Medal,"The Defense Superior Service Medal (DSSM) is a senior American military decoration of the Department of Defense, awarded to members of the United States Armed Forces who perform ""superior meritorious service in a position of significant responsibility"".",,
,Distinguished Flying Cross,"The Distinguished Flying Cross is a military decoration awarded to any officer or enlisted member of the United States Armed Forces who distinguishes himself or herself in support of operations by ""heroism or extraordinary achievement while participating in an aerial flight, subsequent to November 11, 1918.""",,
,Distinguished Service Medal,"The Distinguished Service Medal (DSM) is a military award of the United States Army that is presented to any person who, while serving in any capacity with the United States military, has distinguished himself or herself by exceptionally meritorious service to the Government in a duty of great responsibility. The performance must be such as to merit recognition for service that is clearly exceptional. Exceptional performance of normal duty will not alone justify an award of this decoration.",,
,Joint Service Achievement Medal,"The Achievement Medal is a military decoration of the United States Armed Forces. The Achievement Medal was first proposed as a means to recognize the contributions of junior officers[citation needed] and enlisted personnel who were not eligible to receive the higher Commendation Medal or the Meritorious Service Medal.  Each military service issues its own version of the Achievement Medal, with a fifth version authorized by the U.S. Department of Defense for joint military activity. The Achievement Medal is awarded for outstanding achievement or meritorious service not of a nature that would otherwise warrant awarding the Commendation Medal. Since the Achievement Medal is designated as an award solely for junior personnel, it is generally only awarded to officers in the pay grade of O-4 and below and enlisted personnel below the grade of E-7. Award authority rests with local commanders, granting a broad discretion of when and for what action the Achievement Medal may be awarded.",,
,Joint Service Commendation Medal,"The last Commendation Medal to be created (in 1963) is the Joint Service Commendation Medal. This award is intended for service in joint military organizations and is senior in precedence to the service-specific Commendation Medals. As such, it is worn above the service Commendation Medals on a military uniform. As a joint award, multiple awards are denoted with an oak leaf cluster regardless of service.",,
,Korean Service Medal,"The Korean Service Medal (KSM) is a military award for service in the United States Armed Forces and was created in November 1950 by executive order of President Harry Truman. The Korean Service Medal is the primary United States military award for participation in the Korean War and is awarded to any U.S. service member, who performed duty in the Republic of Korea, between June 27, 1950 and July 27, 1954.",,
,Legion of Merit,The Legion of Merit (LOM) is a military award of the United States Armed Forces that is given for exceptionally meritorious conduct in the performance of outstanding services and achievements.,,
,Good Conduct Medal,"The Good Conduct Medal is one of the oldest military awards of the United States Armed Forces. The U.S. Navy's variant of the Good Conduct Medal was established in 1869, the Marine Corps version in 1896, the Coast Guard version in 1923, the Army version in 1941, and the Air Force version in 1963; the Air Force Good Conduct Medal was discontinued from February 2006 to February 2009.",,
,Medal For Humane Action,"The Medal for Humane Action is a military award of the United States armed forces which was created by an act (63 Stat. 477) of the United States Congress on July 20, 1949. The medal recognizes those military service members who performed extended duty in support of the Berlin Airlift. The medal is based on the design of the Berlin Airlift Device.",,
,Medal of Honor,"The Congressional Medal of Honor is the United States of America's highest military honor, awarded for personal acts of valor above and beyond the call of duty. The medal is awarded by the President of the United States in the name of the U.S. Congress to U.S. military personnel only. There are three versions of the medal, one for the Army, one for the Navy, and one for the Air Force.  Personnel of the Marine Corps and Coast Guard receive the Navy version.",,
,Meritorious Service Medal,"The Meritorious Service Medal (MSM) is a military award presented to members of the United States Armed Forces who distinguished themselves by outstanding meritorious achievement or service to the United States subsequent to January 16, 1969. The MSM was previously awarded as a decoration for achievement during peacetime; effective 11 September 2001, this decoration may also be bestowed in lieu of the Bronze Star Medal for meritorious achievement in a designated combat theater. Normally, the acts or services rendered must be comparable to that required for the Legion of Merit but in a duty of lesser, though considerable, responsibility.",,
,National Defense Service Medal,"The National Defense Service Medal is a service medal of the United States Armed Forces established by President Dwight D. Eisenhower in 1953. The medal was first intended to be a ""blanket campaign medal"" awarded to service members who served honorably during a designated time period of which a ""national emergency"" had been declared during a time of war or conflict. It may also be issued to active military members for any other period that the Secretary of Defense designates.",,
,Achievement Medal,"The Achievement Medal is a military decoration of the United States Armed Forces. The Achievement Medal was first proposed as a means to recognize the contributions of junior officers[citation needed] and enlisted personnel who were not eligible to receive the higher Commendation Medal or the Meritorious Service Medal.  Each military service issues its own version of the Achievement Medal, with a fifth version authorized by the U.S. Department of Defense for joint military activity. The Achievement Medal is awarded for outstanding achievement or meritorious service not of a nature that would otherwise warrant awarding the Commendation Medal. Since the Achievement Medal is designated as an award solely for junior personnel, it is generally only awarded to officers in the pay grade of O-4 and below and enlisted personnel below the grade of E-7. Award authority rests with local commanders, granting a broad discretion of when and for what action the Achievement Medal may be awarded.",,
,Commendation Medal,"The Commendation Medal is a mid-level United States military decoration which is presented for sustained acts of heroism or meritorious service. For valorous actions in direct contact with an enemy, but of a lesser degree than required for the award of the Bronze Star Medal, a Commendation Medal with ""V"" Device or Combat ""V"" (Navy/Marine) is awarded; the ""V"" device may be authorized for wear on the service and suspension ribbon of the medal to denote valor. Each branch of the United States Armed Forces issues its own version of the Commendation Medal, with a fifth version existing for acts of joint military service performed under the Department of Defense.",,
,Philippine Defense Medal,"The Philippine Defense Medal is a military award of the Republic of the Philippines which is awarded to commemorate the initial resistance against Japanese invasion between the dates of December 1941 and June 1942. It was first created as ribbon in December, 1944, and a full-sized medal was authorized in July, 1945.",,
,Philippine Independence Medal,"The Philippine Independence Medal[1] is a military award of the Republic of the Philippines which was created by order of the Philippine Army Headquarters on July 3, 1946. The Philippine Independence Medal was created to recognize those members of the military who had participated in multiple Philippine military operations during the years of the Second World War.  To be awarded the Philippine Independence Medal, a service member must have previously received both the Philippine Defense Medal and the Philippine Liberation Medal. The award criteria effectively awarded the medal to anyone who had participated in both the initial resistance against Japanese invasion and also in the campaigns to liberate the Philippines from Japanese occupation in 1945. A famous recipient was General of the Army Douglas MacArthur. The service member must have also served on active duty in the Philippines after July 4, 1946.  ",,
,Philippine Liberation Medal,"The Philippine Liberation Medal is a military award of the Republic of the Philippines which was created by an order of Commonwealth Army of the Philippines Headquarters on December 20, 1944. The award was presented to any service member, of both Philippine Commonwealth and allied militaries, who participated in the liberation of the Philippine Islands between the dates of October 17, 1944 and September 2, 1945.  The Philippine Liberation Medal is intended to recognize military service in the last days of World War II when the military of Japan was driven from the Philippines and then to eventually surrender in September 1945.",,
,Prisoner of War,"A prisoner of war (POW, PoW, PW, P/W, WP, PsW, enemy prisoner of war (EPW) or ""missing-captured""[1]) is a person, whether combatant or non-combatant, who is held in custody by a belligerent power during or immediately after an armed conflict. The earliest recorded usage of the phrase is dated 1660.",,
,Purple Heart,"The Purple Heart is a United States military decoration awarded in the name of the President to those wounded or killed, while serving, on or after April 5, 1917, with the U.S. military. With its forerunner, the Badge of Military Merit, which took the form of a heart made of purple cloth, the Purple Heart is the oldest military award still given to U.S. military members; the only earlier award being the obsolete Fidelity Medallion. The National Purple Heart Hall of Honor is located in New Windsor, New York.",,
,Republic of Vietnam Campaign Medal,"Established in 1964, the Vietnam Campaign Medal was awarded to members the Republic of Vietnam Military Forces for direct participation in major military operations. The medal was also awarded to foreign military personnel for service in Vietnam. The medal was awarded for two different periods of service. The first period was from 8 March 1949 to 20 July 1954. The second period was from 1 January 1960 to a date to be determined. The government of South Vietnam ceased to exist before an ending period was decided.",,
,Republic of Vietnam Civil Actions Medal,"The Civil Actions Medal is a military decoration of the former Government of the Republic of Vietnam (South Vietnam). The medal was created on May 12, 1964 during the Vietnam War. The Civil Actions Medal was awarded to the Republic of Vietnam Armed Forces and its Allies military personnel or units that performed outstanding achievements in the field of civil affairs. The medal was awarded in two classes, with the first class intended for commissioned officers and the second class for enlisted personnel. Individuals who were cited received the medal, ribbon, and a citation.  The Republic of Vietnam authorized members of a unit awarded the Civil Action medal to wear the Civil Actions Unit Citation Emblem with Palm and Frame (Civil Actions Medal, First Class color). Only one unit citation emblem with palm and frame could be worn on the service uniform. The ribbon with palm and frame only (no medal) is authorized for this citation.",,
,Republic of Vietnam Gallantry Cross,"The Gallantry Cross (Vietnamese: Anh D?ng B?i Tinh) is a military decoration of the former Government of South Vietnam (Republic of Vietnam). The medal was created on August 15, 1950 and was awarded to military personnel, civilians, and Armed Forces units and organizations in recognition of deeds of valor or heroic conduct while in combat with the enemy.",,
,Republic of Vietnam Honor Medal,"The Congressional Medal of Honor is the United States of America's highest military honor, awarded for personal acts of valor above and beyond the call of duty. The medal is awarded by the President of the United States in the name of the U.S. Congress to U.S. military personnel only. There are three versions of the medal, one for the Army, one for the Navy, and one for the Air Force.  Personnel of the Marine Corps and Coast Guard receive the Navy version.",,
,Republic of Vietnam Life Saving Medal,"The Life Saving Medal (Vietnamese: Nh‚n d?ng b?i tinh) was a medal awarded by the Republic of Vietnam (South Vietnam) during the years of the Vietnam War.  It was awarded, or posthumously awarded, to military personnel of all grades, government officials and civilians who exhibited extreme bravery in risking their lives to rescue other people in distress. The Life Saving Medal was also intended for foreigners who risked their lives to rescue Vietnamese citizens in distress. An example of this was the awarding of the Life Saving Medal to Major Rex Clark, an Australian Army officer, for rescuing a young girl who was drowning in Da Nang harbour.",,
,Republic of Vietnam Special Service Medal,"The Special Service Medal was a decoration of South Vietnam which was issued between the years of 1950 and 1974. The decoration was awarded to any military service member who performed an act of outstanding meritorious service to the Vietnamese State. The Special Service Medal was also awarded to members of foreign militaries, and was presented frequently to members of the United States Armed Forces during the years of the Vietnam War.",,
,Republic of Vietnam Staff Service Medal,"The Vietnam Staff Service Medal was a military award of South Vietnam which was issued between the years of 1964 and 1973. The medal was awarded in two degrees and presented for exemplary service while performing military duty on the staff of a major Vietnamese military command.  To be awarded the Vietnam Staff Service Medal, a service member must have performed at least six months of military duty, while serving on a military staff, with such performance being above and beyond that which would normally be required for the position. The Vietnam Staff Service Medal was presented in two grades for such service with the first class grade for officers and the second class for enlisted personnel. The two different grades were annotated by border coloring on the medalís ribbon, the first class being green and the second class blue.",,
,Republic of Vietnam Technical Service Medal,"The Vietnam Technical Service Medal was a decoration of the Republic of Vietnam that was awarded between the years of 1964 and 1972 during the years of the Vietnam War.  Also known as the Republic of Vietnam Technical Service Honors Medal, the Technical Service Medal was bestowed in two classes, one for issuance to commissioned officers and the other class for warrant officers and enlisted personnel. The award appeared as a propellered disc suspended from a blue-grey ribbon. The second class version contained two vertical red lines while the first class medal displayed an additional set of thin red lines down the center of the award ribbon.",,
,Silver Star,"The Silver Star, officially the Silver Star Medal, is the United States third highest military decoration for valor that can be awarded to any person serving in any capacity with the United States Armed Forces. The medal is awarded for gallantry in action against an enemy of the United States.",,
,United Nations Medal,"A United Nations Medal is an international decoration awarded by the United Nations (U.N.) to the various world countries militaries for participation in joint international military and police operations such as peacekeeping, humanitarian efforts, and disaster relief. The medal is ranked in militaries and police forces as a service medal. The United Nations awarded its first medal during the Korean War (1950-53). Since 1955, many additional United Nations medals have been created and awarded for participation in various United Nations missions and actions around the world.",,
,Vietnam Service Medal,"The Vietnam Service Medal is a military award of the United States Armed Forces established in 1965 by order of President Lyndon B. Johnson. The medal is awarded to recognize service during the Vietnam War and is authorized to service members of each branch of the U.S. Armed Forces, provided they meet the award requirements.",,
,Presidential Unit Citation,"The Presidential Unit Citation (PUC), originally called the Distinguished Unit Citation, is awarded to units of the United States Armed Forces, and those of allied countries, for extraordinary heroism in action against an armed enemy on or after 7 December 1941 (the date of the Attack on Pearl Harbor and the start of American involvement in World War II). The unit must display such gallantry, determination, and esprit de corps in accomplishing its mission under extremely difficult and hazardous conditions so as to set it apart from and above other units participating in the same campaign.",,
,Republic of Korean Presidential Unit Citation,"The Republic of Korea Presidential Unit Citation (Hangul: ???? ??? ?? ??; Hanja: ??????? ????) is a military unit award presented by the government of South Korea to both South Korean and foreign military units. The award is currently given primarily to South Korean military units, but it may still be awarded to foreign military units. By order of the South Korean government, the award was retroactively authorized[when?] to every unit of the United States Army that had deployed to the Korean Peninsula between 1950 and 1954.",,
,National Defense Medal,"The National Defense Service Medal is a service medal of the United States Armed Forces established by President Dwight D. Eisenhower in 1953. The medal was first intended to be a ""blanket campaign medal"" awarded to service members who served honorably during a designated time period of which a ""national emergency"" had been declared during a time of war or conflict. It may also be issued to active military members for any other period that the Secretary of Defense designates.",,